Date;JPM
15/11/2010;32.432026
16/11/2010;32.05172
17/11/2010;31.703777
18/11/2010;32.092178
19/11/2010;31.889874
22/11/2010;31.161617
23/11/2010;30.449543
24/11/2010;30.878391
26/11/2010;30.344339
29/11/2010;30.676109
30/11/2010;30.263426
01/12/2010;30.870317
02/12/2010;31.808958
03/12/2010;32.05172
06/12/2010;32.286377
07/12/2010;31.760418
08/12/2010;32.577686
09/12/2010;33.022743
10/12/2010;33.524429
13/12/2010;33.589165
14/12/2010;33.00655
15/12/2010;32.537235
16/12/2010;32.375385
17/12/2010;32.100269
20/12/2010;32.326839
21/12/2010;33.176491
22/12/2010;34.115128
23/12/2010;34.050392
27/12/2010;34.527824
28/12/2010;34.479263
29/12/2010;34.27697
30/12/2010;34.171776
31/12/2010;34.325516
03/01/2011;35.264172
04/01/2011;35.77454
05/01/2011;36.212002
06/01/2011;36.033779
07/01/2011;35.353275
10/01/2011;35.158855
11/01/2011;35.320885
12/01/2011;36.220108
13/01/2011;36.00948
14/01/2011;36.382122
18/01/2011;36.252506
19/01/2011;35.409996
20/01/2011;36.252506
21/01/2011;36.689968
24/01/2011;36.471245
25/01/2011;36.34972
26/01/2011;36.438843
27/01/2011;36.536041
28/01/2011;36.082382
31/01/2011;36.406422
01/02/2011;37.208447
02/02/2011;36.819588
03/02/2011;36.82769
04/02/2011;36.122887
07/02/2011;36.860088
08/02/2011;37.054523
09/02/2011;36.544155
10/02/2011;36.884396
11/02/2011;37.726906
14/02/2011;37.702614
15/02/2011;37.929436
16/02/2011;38.836777
17/02/2011;38.739548
18/02/2011;38.885372
22/02/2011;37.273251
23/02/2011;37.232746
24/02/2011;37.192238
25/02/2011;37.816025
28/02/2011;37.824123
01/03/2011;36.941101
02/03/2011;36.62516
03/03/2011;37.32996
04/03/2011;36.876289
07/03/2011;36.608952
08/03/2011;37.589199
09/03/2011;37.718815
10/03/2011;36.884396
11/03/2011;37.054523
14/03/2011;36.698074
15/03/2011;36.139091
16/03/2011;35.491001
17/03/2011;36.098598
18/03/2011;37.054523
21/03/2011;36.965412
22/03/2011;36.835804
23/03/2011;36.941101
24/03/2011;37.04641
25/03/2011;37.15173
28/03/2011;37.232746
29/03/2011;37.281342
30/03/2011;37.6297
31/03/2011;37.346161
01/04/2011;37.548683
04/04/2011;37.744171
05/04/2011;37.939648
06/04/2011;38.803024
07/04/2011;38.607544
08/04/2011;38.151424
11/04/2011;38.167717
12/04/2011;37.988518
13/04/2011;37.670868
14/04/2011;36.6283
15/04/2011;36.563137
18/04/2011;35.805637
19/04/2011;36.367653
20/04/2011;36.294361
21/04/2011;36.39209
25/04/2011;36.335079
26/04/2011;36.750465
27/04/2011;37.059982
28/04/2011;37.345051
29/04/2011;37.165874
02/05/2011;36.799343
03/05/2011;37.402073
04/05/2011;37.059982
05/05/2011;36.791195
06/05/2011;36.685318
09/05/2011;36.620155
10/05/2011;36.783051
11/05/2011;36.025543
12/05/2011;35.911537
13/05/2011;35.145897
16/05/2011;34.925976
17/05/2011;35.683464
18/05/2011;35.903385
19/05/2011;35.838223
20/05/2011;35.129608
23/05/2011;34.657192
24/05/2011;34.486145
25/05/2011;34.429131
26/05/2011;34.575745
27/05/2011;34.852676
31/05/2011;35.219204
01/06/2011;34.013733
02/06/2011;33.891563
03/06/2011;33.858967
06/06/2011;33.01189
07/06/2011;33.166641
08/06/2011;32.897858
09/06/2011;33.378414
10/06/2011;33.435432
13/06/2011;33.94043
14/06/2011;33.891563
15/06/2011;33.134071
16/06/2011;32.873432
17/06/2011;33.231819
20/06/2011;32.971172
21/06/2011;33.321411
22/06/2011;33.14222
23/06/2011;32.637215
24/06/2011;32.16481
27/06/2011;32.482468
28/06/2011;32.205536
29/06/2011;32.946739
30/06/2011;33.345833
01/07/2011;34.075203
05/07/2011;33.62447
06/07/2011;33.239307
07/07/2011;33.862133
08/07/2011;33.386822
11/07/2011;32.313263
12/07/2011;32.280472
13/07/2011;32.468971
14/07/2011;33.067204
15/07/2011;32.763981
18/07/2011;32.641075
19/07/2011;33.099987
20/07/2011;33.567101
21/07/2011;34.657059
22/07/2011;34.575108
25/07/2011;34.165352
26/07/2011;33.960476
27/07/2011;33.329445
28/07/2011;33.337635
29/07/2011;33.149147
01/08/2011;33.140965
02/08/2011;32.649258
03/08/2011;32.698421
04/08/2011;31.075798
05/08/2011;30.813545
08/08/2011;27.912493
09/08/2011;29.830143
10/08/2011;28.166534
11/08/2011;30.067802
12/08/2011;29.428587
15/08/2011;30.223503
16/08/2011;29.526928
17/08/2011;29.96946
18/08/2011;28.838541
19/08/2011;28.150154
22/08/2011;27.37981
23/08/2011;28.502535
24/08/2011;29.363026
25/08/2011;29.272877
26/08/2011;29.674442
29/08/2011;30.846327
30/08/2011;30.371025
31/08/2011;30.780777
01/09/2011;29.748196
02/09/2011;28.379614
06/09/2011;27.404392
07/09/2011;28.535324
08/09/2011;27.461763
09/09/2011;26.289864
12/09/2011;26.568497
13/09/2011;26.625862
14/09/2011;26.879906
15/09/2011;27.707621
16/09/2011;27.396198
19/09/2011;26.625862
20/09/2011;26.429182
21/09/2011;24.86392
22/09/2011;23.987041
23/09/2011;24.249281
26/09/2011;25.937481
27/09/2011;25.871918
28/09/2011;24.970451
29/09/2011;25.724403
30/09/2011;24.683624
03/10/2011;23.478945
04/10/2011;25.016649
05/10/2011;25.496153
06/10/2011;26.769304
07/10/2011;25.380411
10/10/2011;26.703161
11/10/2011;26.703161
12/10/2011;27.447224
13/10/2011;26.12446
14/10/2011;26.364214
17/10/2011;25.661499
18/10/2011;27.1744
19/10/2011;26.661833
20/10/2011;27.389347
21/10/2011;27.629097
24/10/2011;28.579832
25/10/2011;27.686974
26/10/2011;28.257402
27/10/2011;30.605314
28/10/2011;30.332491
31/10/2011;28.73691
01/11/2011;27.04213
02/11/2011;27.810978
03/11/2011;28.422749
04/11/2011;28.083797
07/11/2011;28.307013
08/11/2011;28.951859
09/11/2011;26.901587
10/11/2011;27.066925
11/11/2011;27.513361
14/11/2011;26.909853
15/11/2011;27.033859
16/11/2011;26.016991
17/11/2011;25.2068
18/11/2011;25.314274
21/11/2011;24.727301
22/11/2011;24.313938
23/11/2011;23.462414
25/11/2011;23.545082
28/11/2011;24.107258
29/11/2011;23.611217
30/11/2011;25.603628
01/12/2011;25.181999
02/12/2011;26.72797
05/12/2011;27.703503
06/12/2011;27.472021
07/12/2011;28.108597
08/12/2011;26.63703
09/12/2011;27.430681
12/12/2011;26.488222
13/12/2011;25.868172
14/12/2011;26.050051
15/12/2011;26.256737
16/12/2011;26.364214
19/12/2011;25.380411
20/12/2011;26.628757
21/12/2011;26.719698
22/12/2011;27.653894
23/12/2011;27.753107
27/12/2011;27.306675
28/12/2011;26.992521
29/12/2011;27.629097
30/12/2011;27.488556
03/01/2012;28.918787
04/01/2012;29.101976
05/01/2012;29.709835
06/01/2012;29.443371
09/01/2012;29.393414
10/01/2012;30.017925
11/01/2012;30.525856
12/01/2012;30.684065
13/01/2012;29.90967
17/01/2012;29.068668
18/01/2012;30.425922
19/01/2012;30.750666
20/01/2012;31.108721
23/01/2012;31.358521
24/01/2012;31.358521
25/01/2012;31.308563
26/01/2012;31.21698
27/01/2012;30.983818
30/01/2012;30.817291
31/01/2012;31.058765
01/02/2012;31.308563
02/02/2012;31.266935
03/02/2012;31.874783
06/02/2012;31.758211
07/02/2012;31.533392
08/02/2012;31.891436
09/02/2012;31.525063
10/02/2012;31.316896
13/02/2012;31.891436
14/02/2012;31.575018
15/02/2012;31.142033
16/02/2012;31.641638
17/02/2012;32.032997
21/02/2012;32.024651
22/02/2012;31.699919
23/02/2012;32.049644
24/02/2012;31.874783
27/02/2012;32.524277
28/02/2012;32.64917
29/02/2012;32.674156
01/03/2012;33.61507
02/03/2012;33.831562
05/03/2012;33.640057
06/03/2012;32.740757
07/03/2012;33.265347
08/03/2012;33.673359
09/03/2012;34.164627
12/03/2012;33.756634
13/03/2012;36.129745
14/03/2012;36.287956
15/03/2012;37.220547
16/03/2012;37.112297
19/03/2012;37.470356
20/03/2012;37.78677
21/03/2012;37.570274
22/03/2012;37.178925
23/03/2012;37.603584
26/03/2012;38.444584
27/03/2012;38.211437
28/03/2012;38.527866
29/03/2012;38.028244
30/03/2012;38.286369
02/04/2012;38.411285
03/04/2012;38.067638
04/04/2012;37.221142
05/04/2012;37.162468
09/04/2012;36.78532
10/04/2012;36.005859
11/04/2012;36.885891
12/04/2012;37.581528
13/04/2012;36.215393
16/04/2012;36.315971
17/04/2012;36.793694
18/04/2012;36.282448
19/04/2012;36.223774
20/04/2012;35.80471
23/04/2012;35.913666
24/04/2012;36.274063
25/04/2012;36.173477
26/04/2012;36.709885
27/04/2012;36.32436
30/04/2012;36.022614
01/05/2012;36.701508
02/05/2012;36.207016
03/05/2012;36.047764
04/05/2012;34.99173
07/05/2012;35.016865
08/05/2012;34.681629
09/05/2012;34.061405
10/05/2012;34.145218
11/05/2012;30.977104
14/05/2012;29.996502
15/05/2012;30.373663
16/05/2012;29.719913
17/05/2012;28.43759
18/05/2012;28.068815
21/05/2012;27.247448
22/05/2012;28.504635
23/05/2012;28.714163
24/05/2012;28.471113
25/05/2012;28.077188
29/05/2012;28.18615
30/05/2012;27.624609
31/05/2012;27.78385
01/06/2012;26.761335
04/06/2012;25.981884
05/06/2012;26.811623
06/06/2012;27.716799
07/06/2012;27.498886
08/06/2012;28.228054
11/06/2012;27.507271
12/06/2012;28.303493
13/06/2012;28.74769
14/06/2012;29.041035
15/06/2012;29.359522
18/06/2012;29.015888
19/06/2012;29.652863
20/06/2012;30.549658
21/06/2012;29.761831
22/06/2012;30.164129
25/06/2012;29.602575
26/06/2012;29.929451
27/06/2012;30.826244
28/06/2012;30.071928
29/06/2012;29.946205
02/07/2012;30.407183
03/07/2012;30.322666
05/07/2012;29.054996
06/07/2012;28.649351
09/07/2012;28.700048
10/07/2012;28.945133
11/07/2012;29.232481
12/07/2012;28.767662
13/07/2012;30.483246
16/07/2012;29.655033
17/07/2012;29.570528
18/07/2012;29.545166
19/07/2012;29.122608
20/07/2012;28.649351
23/07/2012;29.105703
24/07/2012;29.350794
25/07/2012;29.722641
26/07/2012;30.26351
27/07/2012;31.176237
30/07/2012;30.542397
31/07/2012;30.424076
01/08/2012;30.424076
02/08/2012;29.722641
03/08/2012;30.500149
06/08/2012;30.677618
07/08/2012;31.277655
08/08/2012;31.404409
09/08/2012;31.201588
10/08/2012;31.243835
13/08/2012;31.26075
14/08/2012;31.353708
15/08/2012;31.32836
16/08/2012;31.353708
17/08/2012;31.252293
20/08/2012;31.581894
21/08/2012;32.148121
22/08/2012;31.970648
23/08/2012;31.463577
24/08/2012;31.412861
27/08/2012;31.463577
28/08/2012;31.379059
29/08/2012;31.522736
30/08/2012;31.184689
31/08/2012;31.38751
04/09/2012;31.277655
05/09/2012;31.362164
06/09/2012;32.697437
07/09/2012;33.212948
10/09/2012;32.756596
11/09/2012;33.466499
12/09/2012;33.736919
13/09/2012;34.987698
14/09/2012;35.131363
17/09/2012;34.810215
18/09/2012;34.869377
19/09/2012;34.936981
20/09/2012;34.860935
21/09/2012;34.548241
24/09/2012;34.844025
25/09/2012;34.269352
26/09/2012;34.007385
27/09/2012;34.379208
28/09/2012;34.21019
01/10/2012;34.624298
02/10/2012;34.582043
03/10/2012;34.786366
04/10/2012;35.603672
05/10/2012;35.510017
08/10/2012;35.467449
09/10/2012;35.229076
10/10/2012;35.5611
11/10/2012;35.842037
12/10/2012;35.433395
15/10/2012;36.080433
16/10/2012;36.463543
17/10/2012;36.880699
18/10/2012;36.616779
19/10/2012;36.029343
22/10/2012;35.833527
23/10/2012;35.186508
24/10/2012;35.510017
25/10/2012;35.475964
26/10/2012;35.041775
31/10/2012;35.484478
01/11/2012;36.472054
02/11/2012;36.114471
05/11/2012;35.986786
06/11/2012;36.5061
07/11/2012;34.462845
08/11/2012;34.394741
09/11/2012;34.582039
12/11/2012;34.547993
13/11/2012;34.088249
14/11/2012;33.449749
15/11/2012;33.53487
16/11/2012;33.654057
19/11/2012;34.556503
20/11/2012;34.650146
21/11/2012;34.67569
23/11/2012;34.982174
26/11/2012;34.803398
27/11/2012;34.692711
28/11/2012;34.760838
29/11/2012;35.092854
30/11/2012;34.97366
03/12/2012;34.743813
04/12/2012;34.539474
05/12/2012;35.075825
06/12/2012;35.305695
07/12/2012;36.233665
10/12/2012;36.02084
11/12/2012;36.301769
12/12/2012;36.412449
13/12/2012;36.420959
14/12/2012;36.446514
17/12/2012;37.016922
18/12/2012;37.348949
19/12/2012;37.059475
20/12/2012;37.910839
21/12/2012;37.459625
24/12/2012;37.391506
26/12/2012;37.425564
27/12/2012;37.144623
28/12/2012;36.812599
31/12/2012;37.434078
02/01/2013;38.282707
03/01/2013;38.205559
04/01/2013;38.882755
07/01/2013;38.925617
08/01/2013;39.002773
09/01/2013;38.977051
10/01/2013;39.559944
11/01/2013;39.551376
14/01/2013;39.328499
15/01/2013;39.731384
16/01/2013;40.134266
17/01/2013;39.808537
18/01/2013;39.825676
22/01/2013;39.894241
23/01/2013;39.628521
24/01/2013;39.748516
25/01/2013;40.425716
28/01/2013;39.979977
29/01/2013;40.391434
30/01/2013;40.400005
31/01/2013;40.331417
01/02/2013;41.017189
04/02/2013;40.871471
05/02/2013;41.822964
06/02/2013;41.668667
07/02/2013;41.342934
08/02/2013;41.68581
11/02/2013;41.711536
12/02/2013;42.122982
13/02/2013;41.728672
14/02/2013;42.191555
15/02/2013;41.900116
19/02/2013;42.388721
20/02/2013;41.668667
21/02/2013;41.360065
22/02/2013;41.925831
25/02/2013;40.888607
26/02/2013;40.802887
27/02/2013;42.242992
28/02/2013;41.934399
01/03/2013;41.925831
04/03/2013;42.088684
05/03/2013;42.423012
06/03/2013;42.885887
07/03/2013;43.400219
08/03/2013;43.031624
11/03/2013;43.271633
12/03/2013;43.100193
13/03/2013;42.997334
14/03/2013;43.717377
15/03/2013;42.877319
18/03/2013;42.440144
19/03/2013;42.174416
20/03/2013;42.105843
21/03/2013;41.445789
22/03/2013;41.814392
25/03/2013;41.591518
26/03/2013;41.694386
27/03/2013;40.948616
28/03/2013;40.68288
01/04/2013;41.000053
02/04/2013;41.385788
03/04/2013;40.411091
04/04/2013;40.963142
05/04/2013;41.325417
08/04/2013;41.903336
09/04/2013;41.989578
10/04/2013;42.481247
11/04/2013;42.532993
12/04/2013;42.27422
15/04/2013;41.342659
16/04/2013;41.825703
17/04/2013;40.359329
18/04/2013;40.229954
19/04/2013;40.738869
22/04/2013;40.842377
23/04/2013;41.549671
24/04/2013;42.024078
25/04/2013;42.265617
26/04/2013;42.162102
29/04/2013;42.196587
30/04/2013;42.27422
01/05/2013;41.411659
02/05/2013;41.472054
03/05/2013;41.032139
06/05/2013;41.5583
07/05/2013;42.38636
08/05/2013;42.921158
09/05/2013;42.30011
10/05/2013;42.231102
13/05/2013;42.843525
14/05/2013;43.326557
15/05/2013;44.068363
16/05/2013;43.964859
17/05/2013;45.112057
20/05/2013;45.103428
21/05/2013;45.733101
22/05/2013;46.25927
23/05/2013;46.01775
24/05/2013;46.285149
28/05/2013;47.095955
29/05/2013;47.156338
30/05/2013;47.975777
31/05/2013;47.087337
03/06/2013;47.001068
04/06/2013;46.612911
05/06/2013;45.741734
06/06/2013;46.147137
07/06/2013;46.811314
10/06/2013;46.88895
11/06/2013;46.138512
12/06/2013;45.87112
13/06/2013;46.725052
14/06/2013;45.827991
17/06/2013;46.449036
18/06/2013;46.673294
19/06/2013;46.190258
20/06/2013;45.267315
21/06/2013;44.81879
24/06/2013;43.921722
25/06/2013;44.922302
26/06/2013;45.284576
27/06/2013;45.845245
28/06/2013;45.53471
01/07/2013;45.275959
02/07/2013;45.875454
03/07/2013;45.849396
05/07/2013;46.909393
08/07/2013;47.526276
09/07/2013;47.691364
10/07/2013;47.639225
11/07/2013;47.908569
12/07/2013;47.760868
15/07/2013;47.691364
16/07/2013;47.795624
17/07/2013;48.021519
18/07/2013;48.977257
19/07/2013;48.794804
22/07/2013;49.142353
23/07/2013;49.237919
24/07/2013;49.203171
25/07/2013;49.09021
26/07/2013;48.699234
29/07/2013;48.386436
30/07/2013;48.073662
31/07/2013;48.421188
01/08/2013;49.124969
02/08/2013;49.08152
05/08/2013;48.742672
06/08/2013;48.212677
07/08/2013;48.047585
08/08/2013;47.639225
09/08/2013;47.369888
12/08/2013;46.996277
13/08/2013;47.170048
14/08/2013;47.048412
15/08/2013;46.301186
16/08/2013;46.301186
19/08/2013;45.032669
20/08/2013;45.28463
21/08/2013;44.858902
22/08/2013;45.362835
23/08/2013;45.458405
26/08/2013;45.006611
27/08/2013;43.963982
28/08/2013;43.946609
29/08/2013;44.050858
30/08/2013;43.903152
03/09/2013;44.424477
04/09/2013;45.067417
05/09/2013;45.275948
06/09/2013;45.666935
09/09/2013;45.927589
10/09/2013;46.631355
11/09/2013;46.27512
12/09/2013;45.388901
13/09/2013;45.692997
16/09/2013;46.17086
17/09/2013;46.127426
18/09/2013;46.405453
19/09/2013;45.832016
20/09/2013;45.875454
23/09/2013;44.711193
24/09/2013;43.720692
25/09/2013;44.919716
26/09/2013;45.084801
27/09/2013;45.388901
30/09/2013;44.911034
01/10/2013;45.145622
02/10/2013;45.591995
03/10/2013;45.460712
04/10/2013;46.099644
07/10/2013;45.364437
08/10/2013;44.524185
09/10/2013;44.419155
10/10/2013;45.968357
11/10/2013;45.959599
14/10/2013;46.134651
15/10/2013;45.78455
16/10/2013;47.263737
17/10/2013;47.447544
18/10/2013;47.526306
21/10/2013;47.50005
22/10/2013;46.931133
23/10/2013;46.169666
24/10/2013;45.933346
25/10/2013;46.187172
28/10/2013;46.108398
29/10/2013;46.152168
30/10/2013;46.03838
31/10/2013;45.110611
01/11/2013;45.959599
04/11/2013;45.548229
05/11/2013;45.469471
06/11/2013;45.600754
07/11/2013;45.20689
08/11/2013;47.228729
11/11/2013;47.351269
12/11/2013;47.237484
13/11/2013;47.386269
14/11/2013;47.613842
15/11/2013;48.025204
18/11/2013;48.786682
19/11/2013;49.145531
20/11/2013;49.101768
21/11/2013;50.082062
22/11/2013;50.29211
25/11/2013;50.458405
26/11/2013;50.038288
27/11/2013;50.30962
29/11/2013;50.082062
02/12/2013;49.87199
03/12/2013;49.766956
04/12/2013;50.055794
05/12/2013;48.856693
06/12/2013;49.066757
09/12/2013;49.460617
10/12/2013;49.62693
11/12/2013;49.0755
12/12/2013;49.285572
13/12/2013;49.163033
16/12/2013;49.381851
17/12/2013;48.76918
18/12/2013;50.099564
19/12/2013;50.090805
20/12/2013;50.502178
23/12/2013;50.974815
24/12/2013;50.983559
26/12/2013;50.939796
27/12/2013;50.887291
30/12/2013;50.720974
31/12/2013;51.184872
02/01/2014;51.281784
03/01/2014;51.678219
06/01/2014;51.977753
07/01/2014;51.378685
08/01/2014;51.863224
09/01/2014;51.766315
10/01/2014;51.52845
13/01/2014;50.832485
14/01/2014;50.867722
15/01/2014;52.409439
16/01/2014;51.968945
17/01/2014;51.193684
21/01/2014;51.246544
22/01/2014;50.735573
23/01/2014;49.748875
24/01/2014;48.533131
27/01/2014;48.533131
28/01/2014;49.105759
29/01/2014;48.92075
30/01/2014;49.334812
31/01/2014;48.770992
03/02/2014;47.84597
04/02/2014;48.409794
05/02/2014;48.638847
06/02/2014;49.757694
07/02/2014;49.881023
10/02/2014;49.986748
11/02/2014;50.594616
12/02/2014;50.673904
13/02/2014;51.123207
14/02/2014;51.228931
18/02/2014;51.52845
19/02/2014;50.444843
20/02/2014;50.726765
21/02/2014;50.753189
24/02/2014;51.123207
25/02/2014;50.242222
26/02/2014;49.995556
27/02/2014;49.942688
28/02/2014;50.05722
03/03/2014;49.519829
04/03/2014;50.444843
05/03/2014;51.237724
06/03/2014;51.88966
07/03/2014;52.330147
10/03/2014;52.15395
11/03/2014;51.26416
12/03/2014;51.026295
13/03/2014;50.585808
14/03/2014;50.039597
17/03/2014;50.726765
18/03/2014;51.149635
19/03/2014;51.361069
20/03/2014;52.955643
21/03/2014;53.008503
24/03/2014;53.80138
25/03/2014;53.67804
26/03/2014;52.770638
27/03/2014;52.78825
28/03/2014;52.893967
31/03/2014;53.484234
01/04/2014;53.448997
02/04/2014;53.617424
03/04/2014;53.777
04/04/2014;53.023449
07/04/2014;52.305367
08/04/2014;52.172379
09/04/2014;52.544731
10/04/2014;50.886913
11/04/2014;49.025192
14/04/2014;48.723774
15/04/2014;48.581924
16/04/2014;48.989731
17/04/2014;48.954273
21/04/2014;48.785835
22/04/2014;49.477322
23/04/2014;49.690098
24/04/2014;49.814205
25/04/2014;49.379814
28/04/2014;49.193638
29/04/2014;49.734421
30/04/2014;49.628029
01/05/2014;49.397545
02/05/2014;49.27343
05/05/2014;48.067738
06/05/2014;47.287605
07/05/2014;47.91703
08/05/2014;48.191856
09/05/2014;47.881565
12/05/2014;48.448959
13/05/2014;48.422359
14/05/2014;48.191856
15/05/2014;47.438309
16/05/2014;47.261002
19/05/2014;47.721996
20/05/2014;47.624481
21/05/2014;47.97908
22/05/2014;48.360302
23/05/2014;48.342567
27/05/2014;48.883354
28/05/2014;49.158173
29/05/2014;49.397545
30/05/2014;49.264561
02/06/2014;49.069527
03/06/2014;49.291161
04/06/2014;49.362076
05/06/2014;50.204277
06/06/2014;50.505707
09/06/2014;50.904648
10/06/2014;51.330173
11/06/2014;50.77166
12/06/2014;50.56776
13/06/2014;50.56776
16/06/2014;50.417042
17/06/2014;50.904648
18/06/2014;51.223789
19/06/2014;50.798256
20/06/2014;51.01989
23/06/2014;51.587276
24/06/2014;50.904648
25/06/2014;51.002167
26/06/2014;50.878048
27/06/2014;51.002167
30/06/2014;51.081947
01/07/2014;51.394398
02/07/2014;50.858768
03/07/2014;50.93018
07/07/2014;50.590946
08/07/2014;49.778564
09/07/2014;50.010677
10/07/2014;49.600021
11/07/2014;49.814278
14/07/2014;50.251705
15/07/2014;52.019318
16/07/2014;52.412121
17/07/2014;51.653294
18/07/2014;51.983601
21/07/2014;51.992531
22/07/2014;52.376415
23/07/2014;52.671009
24/07/2014;52.822773
25/07/2014;52.679935
28/07/2014;52.840618
29/07/2014;52.349628
30/07/2014;52.590656
31/07/2014;51.483681
01/08/2014;50.421329
04/08/2014;50.573097
05/08/2014;50.046379
06/08/2014;50.198147
07/08/2014;49.912476
08/08/2014;50.296345
11/08/2014;50.278488
12/08/2014;50.305275
13/08/2014;50.635582
14/08/2014;50.867695
15/08/2014;50.662365
18/08/2014;51.090885
19/08/2014;51.385475
20/08/2014;51.456898
21/08/2014;52.224648
22/08/2014;52.215717
25/08/2014;52.974533
26/08/2014;53.331627
27/08/2014;53.197708
28/08/2014;52.813839
29/08/2014;53.072735
02/09/2014;53.269135
03/09/2014;53.295918
04/09/2014;53.30484
05/09/2014;53.483387
08/09/2014;53.465534
09/09/2014;52.724564
10/09/2014;52.867401
11/09/2014;53.349476
12/09/2014;53.590508
15/09/2014;53.510174
16/09/2014;53.554813
17/09/2014;53.840481
18/09/2014;54.742138
19/09/2014;54.554672
22/09/2014;54.376122
23/09/2014;54.402905
24/09/2014;55.018883
25/09/2014;53.697643
26/09/2014;54.06366
29/09/2014;53.858341
30/09/2014;53.777981
01/10/2014;53.358406
02/10/2014;52.882072
03/10/2014;54.194241
06/10/2014;54.086388
07/10/2014;53.268539
08/10/2014;54.284111
09/10/2014;53.097778
10/10/2014;52.594479
13/10/2014;52.270927
14/10/2014;52.118145
15/10/2014;49.90723
16/10/2014;49.502796
17/10/2014;50.509388
20/10/2014;50.895847
21/10/2014;52.064213
22/10/2014;51.63282
23/10/2014;52.181061
24/10/2014;52.792202
27/10/2014;52.702332
28/10/2014;53.592079
29/10/2014;53.286514
30/10/2014;53.376389
31/10/2014;54.35601
03/11/2014;54.715515
04/11/2014;54.1493
05/11/2014;54.958176
06/11/2014;55.030071
07/11/2014;55.245766
10/11/2014;55.659191
11/11/2014;55.155895
12/11/2014;54.42791
13/11/2014;54.131332
14/11/2014;54.17627
17/11/2014;54.266136
18/11/2014;54.400948
19/11/2014;54.463863
20/11/2014;54.032467
21/11/2014;54.329052
24/11/2014;54.787415
25/11/2014;54.194241
26/11/2014;54.230186
28/11/2014;54.068413
01/12/2014;53.924622
02/12/2014;54.895264
03/12/2014;55.308689
04/12/2014;55.164875
05/12/2014;56.351223
08/12/2014;56.324268
09/12/2014;56.12653
10/12/2014;54.535751
11/12/2014;54.949184
12/12/2014;53.960567
15/12/2014;53.16967
16/12/2014;52.513584
17/12/2014;53.717907
18/12/2014;55.254753
19/12/2014;55.659191
22/12/2014;55.668182
23/12/2014;56.153507
24/12/2014;56.153507
26/12/2014;56.216423
29/12/2014;56.5849
30/12/2014;56.755665
31/12/2014;56.243382
02/01/2015;56.523785
05/01/2015;54.769005
06/01/2015;53.348892
07/01/2015;53.430305
08/01/2015;54.624275
09/01/2015;53.674526
12/01/2015;53.213219
13/01/2015;53.222256
14/01/2015;51.386078
15/01/2015;49.739841
16/01/2015;50.590096
20/01/2015;50.391094
21/01/2015;50.553913
22/01/2015;52.09161
23/01/2015;51.268482
26/01/2015;51.349899
27/01/2015;50.834316
28/01/2015;49.522747
29/01/2015;50.354919
30/01/2015;49.18808
02/02/2015;50.174023
03/02/2015;51.304665
04/02/2015;50.997124
05/02/2015;51.349899
06/02/2015;52.362976
09/02/2015;52.299641
10/02/2015;52.878548
11/02/2015;52.797127
12/02/2015;53.882561
13/02/2015;53.973019
17/02/2015;54.361965
18/02/2015;53.701656
19/02/2015;53.575031
20/02/2015;54.090607
23/02/2015;53.683563
24/02/2015;55.013218
25/02/2015;55.30267
26/02/2015;55.700657
27/02/2015;55.429298
02/03/2015;55.87252
03/03/2015;56.053429
04/03/2015;56.198143
05/03/2015;56.080559
06/03/2015;55.076538
09/03/2015;55.628304
10/03/2015;54.235336
11/03/2015;54.488594
12/03/2015;55.510708
13/03/2015;55.176037
16/03/2015;55.944881
17/03/2015;55.727802
18/03/2015;55.854431
19/03/2015;55.356941
20/03/2015;55.854431
23/03/2015;55.30267
24/03/2015;54.687588
25/03/2015;53.918755
26/03/2015;53.855431
27/03/2015;53.864475
30/03/2015;55.139854
31/03/2015;54.796131
01/04/2015;54.586704
02/04/2015;55.105721
06/04/2015;55.060192
07/04/2015;55.406197
08/04/2015;55.588299
09/04/2015;55.970734
10/04/2015;56.180157
13/04/2015;56.51704
14/04/2015;57.400272
15/04/2015;58.465595
16/04/2015;58.101391
17/04/2015;57.218163
20/04/2015;57.582375
21/04/2015;56.735577
22/04/2015;57.309219
23/04/2015;57.18174
24/04/2015;56.999634
27/04/2015;56.762897
28/04/2015;57.145317
29/04/2015;57.910175
30/04/2015;57.600582
01/05/2015;57.919285
04/05/2015;58.929981
05/05/2015;58.638603
06/05/2015;58.201542
07/05/2015;58.729652
08/05/2015;59.631081
11/05/2015;59.594662
12/05/2015;59.512711
13/05/2015;59.658394
14/05/2015;60.140987
15/05/2015;59.986195
18/05/2015;60.477886
19/05/2015;61.015106
20/05/2015;60.53252
21/05/2015;60.687317
22/05/2015;60.523422
26/05/2015;59.849617
27/05/2015;60.523422
28/05/2015;60.277565
29/05/2015;59.895138
01/06/2015;60.168312
02/06/2015;60.113663
03/06/2015;60.732849
04/06/2015;60.395935
05/06/2015;61.38842
08/06/2015;60.905838
09/06/2015;61.169899
10/06/2015;62.153267
11/06/2015;62.390003
12/06/2015;62.144169
15/06/2015;61.907429
16/06/2015;62.253437
17/06/2015;62.043999
18/06/2015;62.626743
19/06/2015;61.989376
22/06/2015;62.790657
23/06/2015;63.509979
24/06/2015;62.845284
25/06/2015;62.508381
26/06/2015;62.781548
29/06/2015;61.188103
30/06/2015;61.698006
01/07/2015;62.385361
02/07/2015;61.88131
06/07/2015;61.707165
07/07/2015;61.221439
08/07/2015;59.965843
09/07/2015;60.589054
10/07/2015;61.450562
13/07/2015;62.403698
14/07/2015;63.274368
15/07/2015;63.411839
16/07/2015;63.750957
17/07/2015;63.430164
20/07/2015;63.475983
21/07/2015;63.329353
22/07/2015;64.227516
23/07/2015;63.824249
24/07/2015;63.155235
27/07/2015;62.330395
28/07/2015;62.367043
29/07/2015;63.182713
30/07/2015;63.274368
31/07/2015;62.806965
03/08/2015;62.806965
04/08/2015;62.742805
05/08/2015;62.99025
06/08/2015;62.550335
07/08/2015;62.367043
10/08/2015;63.13689
11/08/2015;62.532021
12/08/2015;61.62468
13/08/2015;61.90881
14/08/2015;62.220413
17/08/2015;62.385361
18/08/2015;62.513695
19/08/2015;61.954636
20/08/2015;60.433262
21/08/2015;58.288677
24/08/2015;55.218433
25/08/2015;54.90683
26/08/2015;57.656296
27/08/2015;59.095184
28/08/2015;58.774403
31/08/2015;58.74691
01/09/2015;56.318218
02/09/2015;57.344685
03/09/2015;57.445511
04/09/2015;56.36404
08/09/2015;57.885426
09/09/2015;56.987255
10/09/2015;57.42717
11/09/2015;57.335526
14/09/2015;57.170555
15/09/2015;58.27034
16/09/2015;58.783573
17/09/2015;57.418007
18/09/2015;55.850803
21/09/2015;56.318218
22/09/2015;55.823315
23/09/2015;55.575855
24/09/2015;55.190945
25/09/2015;56.336552
28/09/2015;54.970985
29/09/2015;54.842674
30/09/2015;55.878304
01/10/2015;56.290726
02/10/2015;56.133801
05/10/2015;57.250748
06/10/2015;57.278442
07/10/2015;57.352295
08/10/2015;57.352295
09/10/2015;57.167675
12/10/2015;56.97382
13/10/2015;56.816898
14/10/2015;55.37685
15/10/2015;57.130745
16/10/2015;57.629223
19/10/2015;57.435375
20/10/2015;57.712296
21/10/2015;57.287666
22/10/2015;58.330772
23/10/2015;58.958485
26/10/2015;58.986176
27/10/2015;58.746166
28/10/2015;60.463142
29/10/2015;60.195442
30/10/2015;59.309265
02/11/2015;60.500065
03/11/2015;60.721607
04/11/2015;60.78624
05/11/2015;61.330864
06/11/2015;63.195522
09/11/2015;62.207802
10/11/2015;62.475502
11/11/2015;62.170876
12/11/2015;60.924694
13/11/2015;60.518532
16/11/2015;61.395481
17/11/2015;61.044693
18/11/2015;62.263199
19/11/2015;62.457047
20/11/2015;62.346272
23/11/2015;61.737003
24/11/2015;61.644711
25/11/2015;61.718555
27/11/2015;62.004707
30/11/2015;61.552395
01/12/2015;62.410881
02/12/2015;61.533928
03/12/2015;60.740086
04/12/2015;62.669361
07/12/2015;61.847782
08/12/2015;60.887772
09/12/2015;60.426224
10/12/2015;60.564682
11/12/2015;59.143116
14/12/2015;59.327724
15/12/2015;61.016998
16/12/2015;62.33704
17/12/2015;61.183167
18/12/2015;59.447731
21/12/2015;60.500065
22/12/2015;60.629299
23/12/2015;61.598568
24/12/2015;61.478558
28/12/2015;61.275475
29/12/2015;61.912411
30/12/2015;61.469318
31/12/2015;60.952385
04/01/2016;59.121677
05/01/2016;59.2239
06/01/2016;58.368946
07/01/2016;56.008545
08/01/2016;54.75399
11/01/2016;54.670361
12/01/2016;54.791168
13/01/2016;53.285706
14/01/2016;54.0849
15/01/2016;53.006927
19/01/2016;52.979038
20/01/2016;51.585094
21/01/2016;51.343483
22/01/2016;52.92329
25/01/2016;51.724499
26/01/2016;53.044098
27/01/2016;53.006927
28/01/2016;53.229958
29/01/2016;55.29298
01/02/2016;54.698235
02/02/2016;52.997631
03/02/2016;53.350761
04/02/2016;54.27076
05/02/2016;53.666721
08/02/2016;52.542278
09/02/2016;52.226311
10/02/2016;51.594398
11/02/2016;49.317623
12/02/2016;53.42511
16/02/2016;54.224297
17/02/2016;54.614597
18/02/2016;53.722481
19/02/2016;53.731777
22/02/2016;54.428741
23/02/2016;52.15197
24/02/2016;52.170551
25/02/2016;52.979038
26/02/2016;53.471573
29/02/2016;52.319244
01/03/2016;55.014194
02/03/2016;55.534603
03/03/2016;55.720463
04/03/2016;55.804092
07/03/2016;55.70187
08/03/2016;54.623894
09/03/2016;54.93985
10/03/2016;54.465916
11/03/2016;55.144302
14/03/2016;54.93985
15/03/2016;55.014194
16/03/2016;54.75399
17/03/2016;54.596008
18/03/2016;56.203693
21/03/2016;56.185108
22/03/2016;55.980659
23/03/2016;55.70187
24/03/2016;55.274395
28/03/2016;55.200058
29/03/2016;54.85622
30/03/2016;55.488136
31/03/2016;55.032787
01/04/2016;55.636826
04/04/2016;55.421505
05/04/2016;54.635124
06/04/2016;55.056396
07/04/2016;53.661495
08/04/2016;54.054691
11/04/2016;54.485329
12/04/2016;55.496403
13/04/2016;57.846191
14/04/2016;58.595135
15/04/2016;57.921093
18/04/2016;58.295555
19/04/2016;59.278542
20/04/2016;60.13982
21/04/2016;59.540668
22/04/2016;59.887051
25/04/2016;59.540668
26/04/2016;59.849609
27/04/2016;60.01812
28/04/2016;59.540668
29/04/2016;59.166203
02/05/2016;59.71854
03/05/2016;58.567051
04/05/2016;57.640232
05/05/2016;57.331295
06/05/2016;57.668327
09/05/2016;57.303211
10/05/2016;58.080238
11/05/2016;57.864922
12/05/2016;57.827477
13/05/2016;57.293854
16/05/2016;57.724495
17/05/2016;57.724495
18/05/2016;59.952587
19/05/2016;59.34407
20/05/2016;59.456413
23/05/2016;59.409607
24/05/2016;60.420685
25/05/2016;61.338123
26/05/2016;60.879395
27/05/2016;61.253872
31/05/2016;61.104073
01/06/2016;61.49728
02/06/2016;61.609627
03/06/2016;60.514294
06/06/2016;61.113453
07/06/2016;60.907475
08/06/2016;61.085354
09/06/2016;60.617271
10/06/2016;59.765347
13/06/2016;59.231731
14/06/2016;58.117691
15/06/2016;58.014706
16/06/2016;58.248756
17/06/2016;58.304916
20/06/2016;58.389168
21/06/2016;58.932152
22/06/2016;58.707474
23/06/2016;59.961956
24/06/2016;55.795979
27/06/2016;53.932987
28/06/2016;55.721088
29/06/2016;57.293854
30/06/2016;58.173855
01/07/2016;57.796463
05/07/2016;56.183151
06/07/2016;56.786964
07/07/2016;57.154919
08/07/2016;58.33424
11/07/2016;58.749363
12/07/2016;59.626789
13/07/2016;59.58905
14/07/2016;60.494774
15/07/2016;60.551376
18/07/2016;60.343819
19/07/2016;60.249466
20/07/2016;60.315517
21/07/2016;60.089081
22/07/2016;60.419289
25/07/2016;60.258904
26/07/2016;60.504204
27/07/2016;60.692898
28/07/2016;60.475899
29/07/2016;60.353249
01/08/2016;60.192856
02/08/2016;60.05135
03/08/2016;61.004242
04/08/2016;60.909889
05/08/2016;62.551517
08/08/2016;62.362827
09/08/2016;62.145836
10/08/2016;61.589191
11/08/2016;61.759014
12/08/2016;61.626926
15/08/2016;62.004307
16/08/2016;61.994873
17/08/2016;62.164707
18/08/2016;62.221313
19/08/2016;62.136387
22/08/2016;62.079784
23/08/2016;62.051483
24/08/2016;62.221313
25/08/2016;62.334522
26/08/2016;62.476032
29/08/2016;63.164757
30/08/2016;63.683662
31/08/2016;63.683662
01/09/2016;63.410061
02/09/2016;63.67424
06/09/2016;63.627071
07/09/2016;63.362892
08/09/2016;63.447807
09/09/2016;62.881725
12/09/2016;63.268547
13/09/2016;62.768505
14/09/2016;62.645859
15/09/2016;62.872292
16/09/2016;62.098648
19/09/2016;62.447735
20/09/2016;62.702473
21/09/2016;63.060986
22/09/2016;63.579899
23/09/2016;63.447807
26/09/2016;62.060913
27/09/2016;62.608116
28/09/2016;62.938335
29/09/2016;61.938274
30/09/2016;62.825119
03/10/2016;62.749645
04/10/2016;63.291336
05/10/2016;64.327171
06/10/2016;64.498245
07/10/2016;64.726318
10/10/2016;65.229973
11/10/2016;64.916367
12/10/2016;64.745316
13/10/2016;64.374695
14/10/2016;64.165604
17/10/2016;63.833004
18/10/2016;64.33667
19/10/2016;64.954376
20/10/2016;64.868843
21/10/2016;65.087418
24/10/2016;65.448563
25/10/2016;65.382019
26/10/2016;65.695633
27/10/2016;65.790672
28/10/2016;65.67662
31/10/2016;65.819183
01/11/2016;65.543579
02/11/2016;65.26799
03/11/2016;64.982895
04/11/2016;64.393707
07/11/2016;66.408379
08/11/2016;66.550926
09/11/2016;69.610947
10/11/2016;72.842049
11/11/2016;72.880051
14/11/2016;75.559967
15/11/2016;75.417412
16/11/2016;73.554779
17/11/2016;74.143974
18/11/2016;73.849388
21/11/2016;74.172478
22/11/2016;74.628624
23/11/2016;74.942253
25/11/2016;74.913742
28/11/2016;74.429077
29/11/2016;74.999268
30/11/2016;76.187157
01/12/2016;77.726692
02/12/2016;77.546127
05/12/2016;79.123665
06/12/2016;79.532303
07/12/2016;79.893425
08/12/2016;80.891258
09/12/2016;81.242867
12/12/2016;80.520615
13/12/2016;80.549141
14/12/2016;80.520615
15/12/2016;81.727531
16/12/2016;80.720207
19/12/2016;81.185852
20/12/2016;82.231209
21/12/2016;82.440277
22/12/2016;82.573334
23/12/2016;82.72538
27/12/2016;82.801407
28/12/2016;82.202698
29/12/2016;81.622993
30/12/2016;82.00312
03/01/2017;82.896439
04/01/2017;83.049332
05/01/2017;82.284859
06/01/2017;82.294426
09/01/2017;82.351746
10/01/2017;82.590645
11/01/2017;83.211769
12/01/2017;82.409088
13/01/2017;82.848648
17/01/2017;79.838577
18/01/2017;80.211266
19/01/2017;79.599686
20/01/2017;79.953247
23/01/2017;79.99147
24/01/2017;80.956612
25/01/2017;82.208412
26/01/2017;82.896439
27/01/2017;83.068436
30/01/2017;82.208412
31/01/2017;80.870598
01/02/2017;81.176392
02/02/2017;80.832367
03/02/2017;83.307335
06/02/2017;82.915535
07/02/2017;82.86776
08/02/2017;82.141525
09/02/2017;83.326439
10/02/2017;83.135323
13/02/2017;84.234245
14/02/2017;85.581604
15/02/2017;86.565842
16/02/2017;86.508507
17/02/2017;86.221855
21/02/2017;86.967209
22/02/2017;87.014977
23/02/2017;87.081863
24/02/2017;86.317398
27/02/2017;86.412964
28/02/2017;86.594528
01/03/2017;89.442146
02/03/2017;88.046989
03/03/2017;88.677681
06/03/2017;87.836761
07/03/2017;87.349426
08/03/2017;87.158302
09/03/2017;87.502319
10/03/2017;87.225197
13/03/2017;87.301651
14/03/2017;87.444984
15/03/2017;87.655205
16/03/2017;87.569214
17/03/2017;86.651855
20/03/2017;86.030724
21/03/2017;83.507996
22/03/2017;83.641769
23/03/2017;83.507996
24/03/2017;83.41243
27/03/2017;83.364662
28/03/2017;84.664246
29/03/2017;84.3489
30/03/2017;85.07515
31/03/2017;83.938004
03/04/2017;83.632217
04/04/2017;83.910927
05/04/2017;83.311638
06/04/2017;83.591957
07/04/2017;83.301971
10/04/2017;83.011986
11/04/2017;82.866997
12/04/2017;82.548019
13/04/2017;81.581421
17/04/2017;82.992661
18/04/2017;82.316032
19/04/2017;81.639412
20/04/2017;82.693024
21/04/2017;81.697411
24/04/2017;84.577881
25/04/2017;85.312515
26/04/2017;85.476837
27/04/2017;84.684219
28/04/2017;84.094589
01/05/2017;84.15258
02/05/2017;83.61129
03/05/2017;84.094589
04/05/2017;84.191246
05/05/2017;84.094589
08/05/2017;84.191246
09/05/2017;83.852943
10/05/2017;84.510223
11/05/2017;84.249245
12/05/2017;84.01725
15/05/2017;84.423225
16/05/2017;84.684219
17/05/2017;81.455765
18/05/2017;81.156105
19/05/2017;81.948723
22/05/2017;81.871399
23/05/2017;82.895996
24/05/2017;82.847672
25/05/2017;82.499695
26/05/2017;82.509354
30/05/2017;81.098114
31/05/2017;79.406563
01/06/2017;80.286171
02/06/2017;79.880196
05/06/2017;80.025177
06/06/2017;80.189507
07/06/2017;81.107796
08/06/2017;82.113045
09/06/2017;84.055916
12/06/2017;84.075256
13/06/2017;84.355568
14/06/2017;84.18158
15/06/2017;83.678955
16/06/2017;83.301971
19/06/2017;85.128853
20/06/2017;84.597214
21/06/2017;84.210587
22/06/2017;84.113914
23/06/2017;83.959267
26/06/2017;84.326569
27/06/2017;85.109528
28/06/2017;86.820412
29/06/2017;88.105995
30/06/2017;88.347656
03/07/2017;90.145706
05/07/2017;91.049583
06/07/2017;90.758011
07/07/2017;91.214821
10/07/2017;90.573357
11/07/2017;90.223457
12/07/2017;89.912445
13/07/2017;90.48587
14/07/2017;89.659744
17/07/2017;88.823891
18/07/2017;88.512871
19/07/2017;88.639221
20/07/2017;88.639221
21/07/2017;88.337929
24/07/2017;88.716988
25/07/2017;90.194305
26/07/2017;89.348724
27/07/2017;88.979393
28/07/2017;88.716988
31/07/2017;89.222382
01/08/2017;90.417839
02/08/2017;90.495598
03/08/2017;89.902725
04/08/2017;91.030151
07/08/2017;91.380035
08/08/2017;91.049583
09/08/2017;90.903801
10/08/2017;89.601433
11/08/2017;88.85305
14/08/2017;89.892998
15/08/2017;90.126266
16/08/2017;89.504227
17/08/2017;88.104668
18/08/2017;88.192139
21/08/2017;88.08522
22/08/2017;88.989113
23/08/2017;89.096016
24/08/2017;88.950233
25/08/2017;89.309845
28/08/2017;89.027992
29/08/2017;88.54203
30/08/2017;88.746124
31/08/2017;88.337929
01/09/2017;89.125183
05/09/2017;86.996674
06/09/2017;87.579826
07/09/2017;86.044197
08/09/2017;85.937286
11/09/2017;87.268814
12/09/2017;88.337929
13/09/2017;88.59063
14/09/2017;88.41568
15/09/2017;89.047432
18/09/2017;90.310928
19/09/2017;91.302292
20/09/2017;91.943756
21/09/2017;92.361679
22/09/2017;92.167305
25/09/2017;91.477242
26/09/2017;91.069023
27/09/2017;92.507469
28/09/2017;92.701851
29/09/2017;92.828209
02/10/2017;94.120865
03/10/2017;94.616531
04/10/2017;93.654343
05/10/2017;94.915436
06/10/2017;94.749252
09/10/2017;94.250671
10/10/2017;94.954536
11/10/2017;94.671043
12/10/2017;93.84008
13/10/2017;93.71299
16/10/2017;95.648636
17/10/2017;95.433578
18/10/2017;95.79528
19/10/2017;95.912605
20/10/2017;97.28125
23/10/2017;97.115051
24/10/2017;98.65966
25/10/2017;98.757423
26/10/2017;99.461296
27/10/2017;99.490616
30/10/2017;99.138687
31/10/2017;98.356606
01/11/2017;98.65966
02/11/2017;99.314651
03/11/2017;99.138687
06/11/2017;98.522789
07/11/2017;96.538269
08/11/2017;95.453133
09/11/2017;95.443344
10/11/2017;95.326035
13/11/2017;95.668198
14/11/2017;95.091408
15/11/2017;95.990807
16/11/2017;96.264542
17/11/2017;95.941925
20/11/2017;96.792442
21/11/2017;96.714226
22/11/2017;96.430717
24/11/2017;96.117889
27/11/2017;95.736626
28/11/2017;99.089813
29/11/2017;101.406731
30/11/2017;102.179024
01/12/2017;102.442986
04/12/2017;104.554604
05/12/2017;103.35215
06/12/2017;102.579842
07/12/2017;102.276794
08/12/2017;103.557449
11/12/2017;103.254402
12/12/2017;104.456841
13/12/2017;103.146866
14/12/2017;102.315903
15/12/2017;103.762749
18/12/2017;104.564377
19/12/2017;104.124458
20/12/2017;103.762749
21/12/2017;105.414894
22/12/2017;105.043396
26/12/2017;104.623039
27/12/2017;104.81855
28/12/2017;105.375793
29/12/2017;104.544838
02/01/2018;105.532196
03/01/2018;105.63974
04/01/2018;107.153099
05/01/2018;106.46521
08/01/2018;106.622444
09/01/2018;107.162933
10/01/2018;108.342163
11/01/2018;108.921944
12/01/2018;110.720276
16/01/2018;110.327202
17/01/2018;111.034744
18/01/2018;111.300072
19/01/2018;111.054398
22/01/2018;112.351555
23/01/2018;112.233627
24/01/2018;113.668373
25/01/2018;113.697845
26/01/2018;114.307114
29/01/2018;114.189186
30/01/2018;113.118065
31/01/2018;113.668373
01/02/2018;114.847603
02/02/2018;112.302422
05/02/2018;106.917252
06/02/2018;110.169975
07/02/2018;110.916824
08/02/2018;106.013168
09/02/2018;108.135796
12/02/2018;109.806366
13/02/2018;110.484436
14/02/2018;113.039436
15/02/2018;113.511139
16/02/2018;112.695496
20/02/2018;112.724976
21/02/2018;113.196671
22/02/2018;112.990311
23/02/2018;115.279984
26/02/2018;116.714722
27/02/2018;115.329124
28/02/2018;113.501305
01/03/2018;111.467133
02/03/2018;111.359032
05/03/2018;113.068924
06/03/2018;113.167198
07/03/2018;112.744637
08/03/2018;112.754456
09/03/2018;115.99736
12/03/2018;115.62394
13/03/2018;114.238327
14/03/2018;112.960823
15/03/2018;113.245804
16/03/2018;113.442352
19/03/2018;112.548096
20/03/2018;112.656197
21/03/2018;112.754456
22/03/2018;108.047348
23/03/2018;105.158234
26/03/2018;108.401115
27/03/2018;106.298149
28/03/2018;106.131096
29/03/2018;108.067009
02/04/2018;105.983688
03/04/2018;107.43808
04/04/2018;109.069351
05/04/2018;110.50148
06/04/2018;107.745857
09/04/2018;109.039719
10/04/2018;111.123726
11/04/2018;109.257019
12/04/2018;111.973129
13/04/2018;108.940956
16/04/2018;108.852058
17/04/2018;108.852058
18/04/2018;107.973022
19/04/2018;110.343452
20/04/2018;110.096535
23/04/2018;109.563194
24/04/2018;109.049599
25/04/2018;108.634773
26/04/2018;108.743416
27/04/2018;108.052048
30/04/2018;107.439682
01/05/2018;107.439682
02/05/2018;106.590271
03/05/2018;105.918655
04/05/2018;107.093994
07/05/2018;108.022415
08/05/2018;109.622444
09/05/2018;112.012634
10/05/2018;112.88179
11/05/2018;112.457085
14/05/2018;112.496597
15/05/2018;111.637314
16/05/2018;111.943497
17/05/2018;111.568176
18/05/2018;109.760719
21/05/2018;110.768166
22/05/2018;111.617561
23/05/2018;111.103966
24/05/2018;109.859497
25/05/2018;109.296516
29/05/2018;104.624794
30/05/2018;107.014977
31/05/2018;105.69149
01/06/2018;107.064362
04/06/2018;107.113747
05/06/2018;106.511261
06/06/2018;109.000214
07/06/2018;109.434792
08/06/2018;109.740967
11/06/2018;109.464424
12/06/2018;108.832306
13/06/2018;108.615021
14/06/2018;106.698921
15/06/2018;106.570518
18/06/2018;106.847076
19/06/2018;106.224838
20/06/2018;106.214958
21/06/2018;106.185333
22/06/2018;104.447014
25/06/2018;103.498848
26/06/2018;103.567978
27/06/2018;101.967941
28/06/2018;103.637115
29/06/2018;102.916115
02/07/2018;103.785271
03/07/2018;102.333389
05/07/2018;102.998726
06/07/2018;103.336357
09/07/2018;106.533966
10/07/2018;105.878563
11/07/2018;105.650154
12/07/2018;106.106956
13/07/2018;105.620369
16/07/2018;109.81102
17/07/2018;109.731575
18/07/2018;110.75441
19/07/2018;109.125816
20/07/2018;110.506149
23/07/2018;112.561752
24/07/2018;113.356194
25/07/2018;114.379028
26/07/2018;114.051323
27/07/2018;115.223114
30/07/2018;115.918251
31/07/2018;114.150627
01/08/2018;114.855698
02/08/2018;115.342285
03/08/2018;116.275742
06/08/2018;116.305542
07/08/2018;116.732552
08/08/2018;116.970879
09/08/2018;116.067207
10/08/2018;114.925209
13/08/2018;113.098
14/08/2018;113.852715
15/08/2018;112.909317
16/08/2018;113.971878
17/08/2018;113.971878
20/08/2018;113.822929
21/08/2018;114.518059
22/08/2018;114.170494
23/08/2018;113.932159
24/08/2018;113.882507
27/08/2018;115.898392
28/08/2018;115.332352
29/08/2018;114.955002
30/08/2018;114.388962
31/08/2018;113.783203
04/09/2018;114.349243
05/09/2018;113.793129
06/09/2018;113.306541
07/09/2018;113.525009
10/09/2018;112.91925
11/09/2018;113.634247
12/09/2018;112.293633
13/09/2018;112.730568
14/09/2018;112.710716
17/09/2018;113.048347
18/09/2018;113.50515
19/09/2018;116.802063
20/09/2018;117.805038
21/09/2018;117.030464
24/09/2018;115.908325
25/09/2018;115.580612
26/09/2018;114.220139
27/09/2018;113.723618
28/09/2018;112.055298
01/10/2018;112.710716
02/10/2018;113.177444
03/10/2018;114.240005
04/10/2018;115.269997
05/10/2018;114.620003
08/10/2018;115.32
09/10/2018;114.519997
10/10/2018;111.470001
11/10/2018;108.129997
12/10/2018;106.949997
15/10/2018;106.339996
16/10/2018;108.620003
17/10/2018;109.830002
18/10/2018;108.089996
19/10/2018;107.910004
22/10/2018;106.360001
23/10/2018;105.25
24/10/2018;103.290001
25/10/2018;104.860001
26/10/2018;103.419998
29/10/2018;104.849998
30/10/2018;106.699997
31/10/2018;109.019997
01/11/2018;108.980003
02/11/2018;108.379997
05/11/2018;109.089996
06/11/2018;109.599998
07/11/2018;111.480003
08/11/2018;112.379997
09/11/2018;111.290001
12/11/2018;108.949997
13/11/2018;109.589996
14/11/2018;107.330002